PC1;PC2;PC3
-0.02802991;0.029250285;0.2234597
0.016685162;-0.051350906;0.1426919
-0.025975423;0.06601174;-0.035845716
-0.014911605;0.017096203;0.03690725
-0.099537104;0.48289528;-0.12688753
0.5659223;0.539343;-0.5835907
0.7774975;-0.14271763;-0.3043682
0.29578274;-0.2288064;-0.48929083
-0.052570228;-0.41934457;0.11812633